canonical_smiles,molecule_chembl_id,standard_type,standard_units,standard_value,type,units,value,target_name
CNC1(C)C2CCC(C2)C1(C)C,CHEMBL267936,EC50,nM,30000.0,EC50,uM,30.0,CHRNA1
CN1[C@@H]2CC[C@H]1C[C@@H](OC(=O)c1c[nH]c3ccccc13)C2,CHEMBL56564,Ki,nM,27000.0,Ki,nM,27000.0,CHRNA1
CN1CCC[C@H]1c1cccnc1,CHEMBL3,Ki,nM,5500.0,Ki,nM,5500.0,CHRNA1
C[N+]1(C)C2CCC1CC(OC(=O)c1c[nH]c3ccccc13)C2,CHEMBL111583,Ki,nM,3000.0,Ki,nM,3000.0,CHRNA1
CCCC(=O)N[C@@H](Cc1cccc(O)c1)C(=O)NCCCCCCCCCCCCN,CHEMBL342483,IC50,nM,104000.0,IC50,uM,104.0,CHRNA1
CCCC(=O)N[C@@H](Cc1cccc(O)c1)C(=O)NCCCCCCCCCCCCN,CHEMBL342483,IC50,nM,2430.0,IC50,uM,2.43,CHRNA1
NCCCNCCCCNCCCNC(=O)[C@H](Cc1cccc(O)c1)NC(=O)Cc1ccccc1,CHEMBL140652,IC50,nM,98200.0,IC50,uM,98.2,CHRNA1
NCCCNCCCCNCCCNC(=O)[C@H](Cc1cccc(O)c1)NC(=O)Cc1ccccc1,CHEMBL140652,IC50,nM,10100.0,IC50,uM,10.1,CHRNA1
NCCCOCCCCOCCCNC(=O)[C@H](Cc1cccc(O)c1)NC(=O)Cc1ccccc1,CHEMBL141800,IC50,nM,50900.0,IC50,uM,50.9,CHRNA1
NCCCOCCCCOCCCNC(=O)[C@H](Cc1cccc(O)c1)NC(=O)Cc1ccccc1,CHEMBL141800,IC50,nM,25300.0,IC50,uM,25.3,CHRNA1
CCCC(=O)N[C@@H](Cc1ccc(O)cc1)C(=O)NCCCOCCCCOCCCN,CHEMBL141954,IC50,nM,72700.0,IC50,uM,72.7,CHRNA1
CCCC(=O)N[C@@H](Cc1ccc(O)cc1)C(=O)NCCCOCCCCOCCCN,CHEMBL141954,IC50,nM,10900.0,IC50,uM,10.9,CHRNA1
NCCCNCCCCNCCCNC(=O)[C@H](Cc1ccc(O)cc1)NC(=O)Cc1ccccc1,CHEMBL137820,IC50,nM,249000.0,IC50,uM,249.0,CHRNA1
NCCCNCCCCNCCCNC(=O)[C@H](Cc1ccc(O)cc1)NC(=O)Cc1ccccc1,CHEMBL137820,IC50,nM,22300.0,IC50,uM,22.3,CHRNA1
NCCCCCCCCCCCCNC(=O)[C@H](Cc1ccc(O)cc1)NC(=O)Cc1ccccc1,CHEMBL140491,IC50,nM,388000.0,IC50,uM,388.0,CHRNA1
NCCCCCCCCCCCCNC(=O)[C@H](Cc1ccc(O)cc1)NC(=O)Cc1ccccc1,CHEMBL140491,IC50,nM,17200.0,IC50,uM,17.2,CHRNA1
NCCCCCCCCCCCCNC(=O)[C@H](Cc1ccc(O)cc1)NC(=O)CC1CCCCC1,CHEMBL140057,IC50,nM,1000000.0,IC50,uM,1000.0,CHRNA1
NCCCCCCCCCCCCNC(=O)[C@H](Cc1ccc(O)cc1)NC(=O)CC1CCCCC1,CHEMBL140057,IC50,nM,151000.0,IC50,uM,151.0,CHRNA1
CCCC(=O)N[C@@H](Cc1ccc(O)cc1)C(=O)NCCCCCCCCCCCCN,CHEMBL15998,IC50,nM,15100.0,IC50,uM,15.1,CHRNA1
CCCC(=O)N[C@@H](Cc1ccc(O)cc1)C(=O)NCCCCCCCCCCCCN,CHEMBL15998,IC50,nM,790.0,IC50,uM,0.79,CHRNA1
NCCCOCCCCOCCCNC(=O)[C@H](Cc1cccc(O)c1)NC(=O)CC1CCCCC1,CHEMBL342258,IC50,nM,30700.0,IC50,uM,30.7,CHRNA1
NCCCOCCCCOCCCNC(=O)[C@H](Cc1cccc(O)c1)NC(=O)CC1CCCCC1,CHEMBL342258,IC50,nM,4470.0,IC50,uM,4.47,CHRNA1
CCCC(=O)N[C@@H](Cc1cccc(O)c1)C(=O)NCCCOCCCCOCCCN,CHEMBL336882,IC50,nM,110000.0,IC50,uM,110.0,CHRNA1
CCCC(=O)N[C@@H](Cc1cccc(O)c1)C(=O)NCCCOCCCCOCCCN,CHEMBL336882,IC50,nM,42600.0,IC50,uM,42.6,CHRNA1
NCCCNCCCCNCCCNC(=O)[C@H](Cc1cccc(O)c1)NC(=O)CC1CCCCC1,CHEMBL342235,IC50,nM,59800.0,IC50,uM,59.8,CHRNA1
NCCCNCCCCNCCCNC(=O)[C@H](Cc1cccc(O)c1)NC(=O)CC1CCCCC1,CHEMBL342235,IC50,nM,5330.0,IC50,uM,5.33,CHRNA1
NCCCNCCCCNCCCNC(=O)[C@H](Cc1ccc(O)cc1)NC(=O)CC1CCCCC1,CHEMBL137909,IC50,nM,86900.0,IC50,uM,86.9,CHRNA1
NCCCNCCCCNCCCNC(=O)[C@H](Cc1ccc(O)cc1)NC(=O)CC1CCCCC1,CHEMBL137909,IC50,nM,13200.0,IC50,uM,13.2,CHRNA1
CCCC(=O)N[C@@H](Cc1cccc(O)c1)C(=O)NCCCNCCCCNCCCN,CHEMBL344258,IC50,nM,1000000.0,IC50,uM,1000.0,CHRNA1
CCCC(=O)N[C@@H](Cc1cccc(O)c1)C(=O)NCCCNCCCCNCCCN,CHEMBL344258,IC50,nM,117000.0,IC50,uM,117.0,CHRNA1
NCCCOCCCCOCCCNC(=O)[C@H](Cc1ccc(O)cc1)NC(=O)Cc1ccccc1,CHEMBL139085,IC50,nM,35000.0,IC50,uM,35.0,CHRNA1
NCCCOCCCCOCCCNC(=O)[C@H](Cc1ccc(O)cc1)NC(=O)Cc1ccccc1,CHEMBL139085,IC50,nM,12600.0,IC50,uM,12.6,CHRNA1
CCCC(=O)N[C@@H](Cc1ccc(O)cc1)C(=O)NCCCNCCCCNCCCN,CHEMBL16117,IC50,nM,56700.0,IC50,uM,56.7,CHRNA1
CCCC(=O)N[C@@H](Cc1ccc(O)cc1)C(=O)NCCCNCCCCNCCCN,CHEMBL16117,IC50,nM,11800.0,IC50,uM,11.8,CHRNA1
NCCCOCCCCOCCCNC(=O)[C@H](Cc1ccc(O)cc1)NC(=O)CC1CCCCC1,CHEMBL140056,IC50,nM,25900.0,IC50,uM,25.9,CHRNA1
NCCCOCCCCOCCCNC(=O)[C@H](Cc1ccc(O)cc1)NC(=O)CC1CCCCC1,CHEMBL140056,IC50,nM,5690.0,IC50,uM,5.69,CHRNA1
NCCCCCCCCCCCCNC(=O)[C@H](Cc1cccc(O)c1)NC(=O)Cc1ccccc1,CHEMBL141037,IC50,nM,105000.0,IC50,uM,105.0,CHRNA1
NCCCCCCCCCCCCNC(=O)[C@H](Cc1cccc(O)c1)NC(=O)Cc1ccccc1,CHEMBL141037,IC50,nM,8050.0,IC50,uM,8.05,CHRNA1
C#Cc1cncc([C@H]2CCCN2C)c1,CHEMBL1788226,EC50,nM,29000.0,EC50,uM,29.0,CHRNA1
C#Cc1cncc([C@H]2CCCN2C)c1,CHEMBL1788226,EC50,nM,9000.0,EC50,uM,9.0,CHRNA1
CN1CCC[C@H]1c1cccnc1,CHEMBL3,EC50,nM,10000.0,EC50,uM,10.0,CHRNA1
CN1CCC[C@H]1c1cccnc1,CHEMBL3,EC50,nM,65000.0,EC50,uM,65.0,CHRNA1
C#Cc1cncc(C2CCCN2C)c1,CHEMBL111580,EC50,nM,15000.0,EC50,uM,15.0,CHRNA1
C#Cc1cncc(C2CCCN2C)c1,CHEMBL111580,EC50,nM,52000.0,EC50,uM,52.0,CHRNA1
C#Cc1cncc(C2CCCN2C)c1,CHEMBL111580,EC50,nM,39000.0,EC50,uM,39.0,CHRNA1
C#Cc1cncc(C2CCCN2C)c1,CHEMBL111580,EC50,nM,53000.0,EC50,uM,53.0,CHRNA1
C#Cc1cncc([C@@H]2CCCN2C)c1,CHEMBL111659,EC50,nM,5000.0,EC50,uM,5.0,CHRNA1
C#Cc1cncc([C@@H]2CCCN2C)c1,CHEMBL111659,EC50,nM,49000.0,EC50,uM,49.0,CHRNA1
Cc1cc([C@@H]2CCCN2C)on1,CHEMBL274525,EC50,nM,411000.0,EC50,uM,411.0,CHRNA1
c1cnc2cc([C@@H]3CCCN3)oc2c1,CHEMBL91005,EC50,nM,1000000.0,EC50,uM,1000.0,CHRNA1
CN1CCC[C@H]1c1cc2ncccc2o1,CHEMBL93883,EC50,nM,100000.0,EC50,uM,100.0,CHRNA1
CN1CCC[C@H]1c1cccnc1,CHEMBL3,EC50,nM,180000.0,EC50,uM,180.0,CHRNA1
CN1CCC[C@H]1COc1cccnc1,CHEMBL84149,EC50,nM,34000.0,EC50,uM,34.0,CHRNA1
Cl.O=C(N[C@H]1CN2CCC1CC2)c1ccc(Cl)cc1,CHEMBL554984,IC50,nM,60000.0,IC50,uM,60.0,CHRNA1
O=c1ccc(Br)c2n1CC1CNCC2C1,CHEMBL432712,EC50,nM,100.0,EC50,nM,100.0,CHRNA1
O=c1c(Cl)cc(Cl)c2n1CC1CNCC2C1,CHEMBL65324,EC50,nM,100.0,EC50,nM,100.0,CHRNA1
O=c1c(Br)cc(Br)c2n1CC1CNCC2C1,CHEMBL292054,EC50,nM,100.0,EC50,nM,100.0,CHRNA1
Clc1ccc(C2CC3CCC2N3)cn1,CHEMBL6623,EC50,nM,0.053,EC50,nM,0.053,CHRNA1
O=c1cccc2n1C[C@@H]1CNC[C@H]2C1,CHEMBL497939,EC50,nM,11.0,EC50,nM,11.0,CHRNA1
O=c1c(I)cc(I)c2n1CC1CNCC2C1,CHEMBL291398,EC50,nM,100.0,EC50,nM,100.0,CHRNA1
S=c1cccc2n1CC1CNCC2C1,CHEMBL293649,EC50,nM,100.0,EC50,nM,100.0,CHRNA1
C[N+]1(C)CC2CC(C1)c1cccc(=O)n1C2.[I-],CHEMBL181840,EC50,nM,37.0,EC50,nM,37.0,CHRNA1
O=c1c(Cl)ccc2n1CC1CNCC2C1,CHEMBL64496,EC50,nM,28.0,EC50,nM,28.0,CHRNA1
O=c1c(Br)ccc2n1CC1CNCC2C1,CHEMBL305106,EC50,nM,31.0,EC50,nM,31.0,CHRNA1
O=c1c(I)ccc2n1CC1CNCC2C1,CHEMBL62858,EC50,nM,45.0,EC50,nM,45.0,CHRNA1
O=c1ccc(Cl)c2n1CC1CNCC2C1,CHEMBL294311,EC50,nM,100.0,EC50,nM,100.0,CHRNA1
CC(=O)c1ccc2c(c1)C1CNCC2C1,CHEMBL194204,Ki,nM,650.0,Ki,nM,650.0,CHRNA1
N#Cc1ccc2c(c1)C1CNCC2C1,CHEMBL196626,Ki,nM,520.0,Ki,nM,520.0,CHRNA1
CCCn1cnc2cc3c(cc21)C1CNCC3C1,CHEMBL199152,Ki,nM,910.0,Ki,nM,910.0,CHRNA1
CCCCn1cnc2cc3c(cc21)C1CNCC3C1,CHEMBL198035,Ki,nM,3540.0,Ki,nM,3540.0,CHRNA1
CN1CCC[C@H]1c1cccnc1,CHEMBL3,Ki,nM,6270.0,Ki,nM,6270.0,CHRNA1
O=c1cccc2n1C[C@@H]1CNC[C@H]2C1,CHEMBL497939,Ki,nM,250.0,Ki,nM,250.0,CHRNA1
O=C(N[C@H]1CN2CCC1CC2)c1cc2ccoc2cn1,CHEMBL214268,IC50,nM,100000.0,IC50,uM,100.0,CHRNA1
O=C(N[C@H]1CN2CCC1CC2)c1ccc2occc2c1,CHEMBL378471,IC50,nM,100000.0,IC50,uM,100.0,CHRNA1
O=C(N[C@H]1CN2CCC1CC2)c1ccc(Cl)cc1,CHEMBL177611,IC50,nM,60000.0,IC50,uM,60.0,CHRNA1
O=C(N[C@H]1CN2CCC1CC2)c1ccc2ccsc2c1,CHEMBL378349,IC50,nM,100000.0,IC50,uM,100.0,CHRNA1
O=C(N[C@H]1CN2CCC1CC2)c1ccc2ccoc2c1,CHEMBL379302,IC50,nM,100000.0,IC50,uM,100.0,CHRNA1
O=C(N[C@H]1CN2CCC1CC2)c1cc2ccoc2cn1,CHEMBL214268,IC50,nM,100000.0,IC50,uM,100.0,CHRNA1
O=C(N[C@@H]1C[C@H]2CCN(C2)C1)c1cc2ccoc2cn1,CHEMBL403858,IC50,nM,100000.0,IC50,uM,100.0,CHRNA1
CN1C(=O)[C@@H](CN2CCCCC2)C[C@H]1C#Cc1ccccc1,CHEMBL454407,IC50,nM,12589.25,pIC50,,4.9,CHRNA1
CN1C(=O)[C@@H](CN2CCCCC2)C[C@H]1C#Cc1ccc2c(ccn2C)c1,CHEMBL459689,IC50,nM,3981.07,pIC50,,5.4,CHRNA1
CN1C(=O)[C@@H](CN2CCCCC2)C[C@H]1C#Cc1ccc2occc2c1,CHEMBL459900,IC50,nM,100000.0,pIC50,,4.0,CHRNA1
CN1C(=O)[C@@H](CN2CCCCC2)C[C@H]1C#Cc1ccc2c(c1)CCO2,CHEMBL503427,IC50,nM,6309.57,pIC50,,5.2,CHRNA1
C[C@H](OC(=O)N[C@@H]1CN2CCC1CC2)c1ccccc1F,CHEMBL499536,IC50,nM,125892.54,pIC50,,3.9,CHRNA1
CCCC(NC(C)(C)C)C(=O)c1ccc(Cl)c(Cl)c1,CHEMBL566050,IC50,nM,1.5,IC50,nM,1.5,CHRNA1
CCCC(NC(C)(C)C)C(=O)c1cccc(Cl)c1,CHEMBL569465,IC50,nM,2.0,IC50,nM,2.0,CHRNA1
CCC(NC(C)(C)C)C(=O)c1ccc(Cl)c(Cl)c1,CHEMBL566208,IC50,nM,2.7,IC50,nM,2.7,CHRNA1
CCC(NC(C)(C)C)C(=O)c1cccc(Cl)c1,CHEMBL566886,IC50,nM,3.9,IC50,nM,3.9,CHRNA1
Cc1ccc(C(=O)C(C)NC(C)(C)C)cc1Cl,CHEMBL565844,IC50,nM,5.7,IC50,nM,5.7,CHRNA1
Cc1cccc(C(=O)C(C)NC2CCCC2)c1,CHEMBL592854,IC50,nM,5.8,IC50,nM,5.8,CHRNA1
CC(NC1CCCC1)C(=O)c1cccc(Br)c1,CHEMBL599846,IC50,nM,6.5,IC50,nM,6.5,CHRNA1
CC(NC(C)(C)C)C(=O)c1ccc(Br)cc1,CHEMBL566001,IC50,nM,7.6,IC50,nM,7.6,CHRNA1
CC(NC(C)(C)C)C(=O)c1cccc(Cl)c1,CHEMBL894,IC50,nM,7.9,IC50,nM,7.9,CHRNA1
COc1cccc(C(=O)C(C)NC2CCCC2)c1,CHEMBL589250,IC50,nM,9.2,IC50,nM,9.2,CHRNA1
CC(NC(C)(C)C)C(=O)c1ccc(Cl)c(Cl)c1,CHEMBL568140,IC50,nM,9.8,IC50,nM,9.8,CHRNA1
CC(NC(C)(C)C)C(=O)c1cccc(Br)c1,CHEMBL565396,IC50,nM,10.0,IC50,nM,10.0,CHRNA1
Cc1cccc(C(=O)C(C)NC(C)(C)C)c1,CHEMBL566832,IC50,nM,11.0,IC50,nM,11.0,CHRNA1
Cc1ccc(C(=O)C(C)NC(C)(C)C)cc1,CHEMBL566207,IC50,nM,12.0,IC50,nM,12.0,CHRNA1
Cc1cc(C(=O)C(C)NC(C)(C)C)ccc1Br,CHEMBL565845,IC50,nM,12.0,IC50,nM,12.0,CHRNA1
CC(NC(C)(C)C)C(=O)c1ccc(Cl)cc1,CHEMBL566000,IC50,nM,14.0,IC50,nM,14.0,CHRNA1
COc1cccc(C(=O)C(C)NC(C)(C)C)c1,CHEMBL603620,IC50,nM,16.0,IC50,nM,16.0,CHRNA1
CC(C(=O)c1cccc(Cl)c1)N(C)C(C)(C)C,CHEMBL578612,IC50,nM,16.0,IC50,nM,16.0,CHRNA1
CC(CNC(C)(C)C)C(=O)c1cccc(Cl)c1,CHEMBL567481,IC50,nM,16.0,IC50,nM,16.0,CHRNA1
CC(NC(C)(C)C)C(=O)c1cc(Cl)cc(Cl)c1,CHEMBL578611,IC50,nM,17.0,IC50,nM,17.0,CHRNA1
CC(NC1CCCC1)C(=O)c1cccc([N+](=O)[O-])c1,CHEMBL596775,IC50,nM,19.0,IC50,nM,19.0,CHRNA1
CC(C(=O)c1cccc(Br)c1)N1CCCCC1,CHEMBL599230,IC50,nM,19.0,IC50,nM,19.0,CHRNA1
CC(NC(C)(C)C)C(=O)c1ccc(F)c(F)c1,CHEMBL578610,IC50,nM,24.0,IC50,nM,24.0,CHRNA1
CC(NC1CCCC1)C(=O)c1cccc(F)c1,CHEMBL605501,IC50,nM,26.0,IC50,nM,26.0,CHRNA1
CC(C(=O)c1cccc(Cl)c1)N1CCCCC1,CHEMBL566420,IC50,nM,28.0,IC50,nM,28.0,CHRNA1
CC(NC(C)(C)C)C(=O)c1cccc(F)c1,CHEMBL576063,IC50,nM,32.0,IC50,nM,32.0,CHRNA1
CC(NC(C)(C)C)C(=O)c1cccc([N+](=O)[O-])c1,CHEMBL598026,IC50,nM,41.0,IC50,nM,41.0,CHRNA1
Cc1cccc(C(=O)C(C)N2CCCCC2)c1,CHEMBL589494,IC50,nM,53.0,IC50,nM,53.0,CHRNA1
CC(NC(C)(C)C)C(=O)c1cccs1,CHEMBL565386,IC50,nM,69.0,IC50,nM,69.0,CHRNA1
COc1cccc(C(=O)C(C)N2CCCCC2)c1,CHEMBL580143,IC50,nM,87.0,IC50,nM,87.0,CHRNA1
CC(NC1CCCC1)C(=O)c1cccc(Cl)c1,CHEMBL566618,IC50,nM,100.0,IC50,nM,100.0,CHRNA1
CC(C(=O)c1cccc(Cl)c1)N(C)C,CHEMBL566830,IC50,nM,100.0,IC50,nM,100.0,CHRNA1
CC(C(=O)c1cccc(F)c1)N1CCCCC1,CHEMBL599028,IC50,nM,100.0,IC50,nM,100.0,CHRNA1
CC(C(=O)c1cccc([N+](=O)[O-])c1)N1CCCCC1,CHEMBL599233,IC50,nM,100.0,IC50,nM,100.0,CHRNA1
CC1NC(C)(C)COC1(O)c1ccccn1,CHEMBL1173600,IC50,nM,100000.0,IC50,uM,100.0,CHRNA1
CC1NC(C)(C)COC1(O)c1cccnc1,CHEMBL1173599,IC50,nM,100000.0,IC50,uM,100.0,CHRNA1
C[C@@H]1N(C)C(C)(C)CO[C@@]1(O)c1ccc(Cl)cc1,CHEMBL1173598,IC50,nM,43000.0,IC50,uM,43.0,CHRNA1
C[C@@H]1N(C)C(C)(C)CO[C@@]1(O)c1cccc(Cl)c1,CHEMBL1171260,IC50,nM,57000.0,IC50,uM,57.0,CHRNA1
CCC[C@@H]1NC(C)(C)CO[C@@]1(O)c1cccc(Cl)c1,CHEMBL1173597,IC50,nM,10000.0,IC50,uM,10.0,CHRNA1
CC[C@@H]1NC(C)(C)CO[C@@]1(O)c1cccc(Cl)c1,CHEMBL1173772,IC50,nM,14000.0,IC50,uM,14.0,CHRNA1
C[C@@H]1NC(C)(C)CO[C@@]1(O)c1cccc(-c2ccc3ccccc3c2)c1,CHEMBL1173771,IC50,nM,11000.0,IC50,uM,11.0,CHRNA1
C[C@@H]1NC(C)(C)CO[C@@]1(O)c1cccc(-c2cccc3ccccc23)c1,CHEMBL1173770,IC50,nM,6600.0,IC50,uM,6.6,CHRNA1
CC1NC(C)(C)COC1(O)c1cc(Cl)cc(Cl)c1,CHEMBL1173430,IC50,nM,7200.0,IC50,uM,7.2,CHRNA1
C[C@@H]1NC(C)(C)CO[C@@]1(O)c1cc(F)cc(F)c1,CHEMBL1173429,IC50,nM,23000.0,IC50,uM,23.0,CHRNA1
CC1NC(C)(C)COC1(O)c1ccc(Cl)c(Cl)c1,CHEMBL1173428,IC50,nM,7200.0,IC50,uM,7.2,CHRNA1
C[C@@H]1NC(C)(C)CO[C@@]1(O)c1ccc(F)c(F)c1,CHEMBL1173427,IC50,nM,36000.0,IC50,uM,36.0,CHRNA1
C[C@@H]1NC(C)(C)CO[C@@]1(O)c1ccc(-c2ccccc2)cc1,CHEMBL1173701,IC50,nM,5900.0,IC50,uM,5.9,CHRNA1
COc1ccc([C@]2(O)OCC(C)(C)N[C@H]2C)cc1,CHEMBL1173355,IC50,nM,25000.0,IC50,uM,25.0,CHRNA1
Cc1ccc([C@]2(O)OCC(C)(C)N[C@H]2C)cc1,CHEMBL1170441,IC50,nM,20000.0,IC50,uM,20.0,CHRNA1
C[C@@H]1NC(C)(C)CO[C@@]1(O)c1ccc(Cl)cc1,CHEMBL1173354,IC50,nM,19000.0,IC50,uM,19.0,CHRNA1
C[C@@H]1NC(C)(C)CO[C@@]1(O)c1ccc(F)cc1,CHEMBL1173353,IC50,nM,69000.0,IC50,uM,69.0,CHRNA1
C[C@@H]1NC(C)(C)CO[C@@]1(O)c1cccc([N+](=O)[O-])c1,CHEMBL1173280,IC50,nM,96000.0,IC50,uM,96.0,CHRNA1
COc1cccc([C@]2(O)OCC(C)(C)N[C@H]2C)c1,CHEMBL1173279,IC50,nM,49000.0,IC50,uM,49.0,CHRNA1
Cc1cccc([C@]2(O)OCC(C)(C)N[C@H]2C)c1,CHEMBL1173277,IC50,nM,33000.0,IC50,uM,33.0,CHRNA1
C[C@@H]1NC(C)(C)CO[C@@]1(O)c1cccc(Br)c1,CHEMBL1173276,IC50,nM,18000.0,IC50,uM,18.0,CHRNA1
C[C@@H]1NC(C)(C)CO[C@@]1(O)c1cccc(F)c1,CHEMBL1173275,IC50,nM,100000.0,IC50,uM,100.0,CHRNA1
C[C@@H]1NC(C)(C)CO[C@@]1(O)c1ccccc1,CHEMBL1173274,IC50,nM,100000.0,IC50,uM,100.0,CHRNA1
C[C@H]1NC(C)(C)CO[C@]1(O)c1cccc(Cl)c1,CHEMBL1172929,IC50,nM,28000.0,IC50,uM,28.0,CHRNA1
C[C@@H]1NC(C)(C)CO[C@@]1(O)c1cccc(Cl)c1,CHEMBL1172928,IC50,nM,7600.0,IC50,uM,7.6,CHRNA1
CC(NC(C)(C)C)C(=O)c1cccc(Cl)c1,CHEMBL894,IC50,nM,7900.0,IC50,uM,7.9,CHRNA1
Cc1ccc(NC(=O)c2cc(-c3ccccc3)c(N3CCOCC3)s2)c(C)c1,CHEMBL1210703,IC50,nM,1000.0,pIC50,,6.0,CHRNA1
O=C(Cn1nc(C2CCCCC2)cc(Cc2ccco2)c1=O)NC1Cc2ccccc2C1,CHEMBL1210515,IC50,nM,794.33,pIC50,,6.1,CHRNA1
Cl.Oc1cncc(-c2ccccc2O[C@H]2C[C@@H]3CNC[C@H]2C3)c1,CHEMBL1209124,Ki,nM,1680.0,Ki,nM,1680.0,CHRNA1
Cl.Oc1cncc(-c2ccccc2O[C@H]2C[C@@H]3CNC[C@H]2C3)c1,CHEMBL1209124,Ki,nM,5000.0,Ki,nM,5000.0,CHRNA1
Cl.Oc1ccncc1-c1ccccc1O[C@H]1C[C@@H]2CNC[C@H]1C2,CHEMBL1209123,Ki,nM,15300.0,Ki,nM,15300.0,CHRNA1
Cl.c1cncc(-c2ccccc2O[C@H]2C[C@@H]3CNC[C@H]2C3)c1,CHEMBL1209070,Ki,nM,1020.0,Ki,nM,1020.0,CHRNA1
Cl.Oc1cncc(-c2ccccc2O[C@@H]2C[C@H]3CNC[C@@H]2C3)c1,CHEMBL1209125,Ki,nM,8320.0,Ki,nM,8320.0,CHRNA1
Cl.Fc1cncc(-c2ccccc2O[C@H]2C[C@@H]3CNC[C@H]2C3)c1,CHEMBL1209183,Ki,nM,16900.0,Ki,nM,16900.0,CHRNA1
Cl.Nc1ccncc1-c1ccccc1O[C@H]1C[C@@H]2CNC[C@H]1C2,CHEMBL1209184,Ki,nM,4430.0,Ki,nM,4430.0,CHRNA1
Cl.Nc1cncc(-c2ccccc2O[C@H]2C[C@@H]3CNC[C@H]2C3)c1,CHEMBL1209185,Ki,nM,15000.0,Ki,nM,15000.0,CHRNA1
CS(=O)(=O)Nc1ccncc1-c1ccccc1O[C@H]1C[C@@H]2CNC[C@H]1C2.Cl,CHEMBL1209186,Ki,nM,15000.0,Ki,nM,15000.0,CHRNA1
CS(=O)(=O)Nc1cncc(-c2ccccc2O[C@H]2C[C@@H]3CNC[C@H]2C3)c1.Cl,CHEMBL1209187,Ki,nM,13500.0,Ki,nM,13500.0,CHRNA1
CS(=O)(=O)Nc1cncc(-c2ccccc2O[C@H]2C[C@@H]3CNC[C@H]2C3)c1.Cl,CHEMBL1209187,Ki,nM,11700.0,Ki,nM,11700.0,CHRNA1
CS(=O)(=O)Nc1cncc(-c2ccccc2O[C@@H]2C[C@H]3CNC[C@@H]2C3)c1.Cl,CHEMBL1209242,Ki,nM,15000.0,Ki,nM,15000.0,CHRNA1
CCS(=O)(=O)Nc1cncc(-c2ccccc2O[C@H]2C[C@@H]3CNC[C@H]2C3)c1.Cl,CHEMBL1209243,Ki,nM,15000.0,Ki,nM,15000.0,CHRNA1
CC(C)S(=O)(=O)Nc1cncc(-c2ccccc2O[C@H]2C[C@@H]3CNC[C@H]2C3)c1.Cl,CHEMBL1209244,Ki,nM,4240.0,Ki,nM,4240.0,CHRNA1
CC(=O)Nc1cncc(-c2ccccc2O[C@H]2C[C@@H]3CNC[C@H]2C3)c1.Cl,CHEMBL1209305,Ki,nM,530.0,Ki,nM,530.0,CHRNA1
Cl.NC(=O)c1cncc(-c2ccccc2O[C@H]2C[C@@H]3CNC[C@H]2C3)c1,CHEMBL1209306,Ki,nM,15000.0,Ki,nM,15000.0,CHRNA1
c1cnc2cc3c(cc2n1)[C@@H]1CNC[C@H]3C1,CHEMBL1076903,Ki,nM,8200.0,Ki,nM,8200.0,CHRNA1
CN1CCC[C@H]1c1cccnc1,CHEMBL3,Ki,nM,1480.0,Ki,nM,1480.0,CHRNA1
Cl.c1ccc(Nc2cncc(OC[C@@H]3CCCN3)c2)cc1,CHEMBL1258799,IC50,nM,9480.0,IC50,uM,9.48,CHRNA1
C[C@H]1NC(C)(C)CO[C@]1(O)c1cccc(Cl)c1,CHEMBL1172929,IC50,nM,9400.0,IC50,uM,9.4,CHRNA1
C[C@@H]1NC(C)(C)CO[C@@]1(O)c1cccc(F)c1,CHEMBL1173275,IC50,nM,34000.0,IC50,uM,34.0,CHRNA1
C[C@@H]1NC(C)(C)CO[C@@]1(O)c1cccc(Br)c1,CHEMBL1173276,IC50,nM,7300.0,IC50,uM,7.3,CHRNA1
C[C@@H]1N(C)C(C)(C)CO[C@@]1(O)c1cccc(Cl)c1,CHEMBL1171260,IC50,nM,21000.0,IC50,uM,21.0,CHRNA1
CCN1[C@@H](C)[C@](O)(c2cccc(Cl)c2)OCC1(C)C,CHEMBL1765599,IC50,nM,14000.0,IC50,uM,14.0,CHRNA1
CCCN1[C@@H](C)[C@](O)(c2cccc(Cl)c2)OCC1(C)C,CHEMBL1765600,IC50,nM,5500.0,IC50,uM,5.5,CHRNA1
CC[C@@H]1NC(C)(C)CO[C@@]1(O)c1cccc(Cl)c1,CHEMBL1173772,IC50,nM,13000.0,IC50,uM,13.0,CHRNA1
CCC[C@@H]1NC(C)(C)CO[C@@]1(O)c1cccc(Cl)c1,CHEMBL1173597,IC50,nM,5000.0,IC50,uM,5.0,CHRNA1
COC(=O)[C@@H]1[C@H]2CC[C@@H](C[C@H]1c1ccc(C)c(F)c1)N2,CHEMBL1812750,IC50,nM,7300.0,IC50,uM,7.3,CHRNA1
COC(=O)[C@@H]1[C@H]2CC[C@@H](C[C@H]1c1ccc(Cl)c(C)c1)N2C,CHEMBL1812749,IC50,nM,13000.0,IC50,uM,13.0,CHRNA1
Cc1cc([C@H]2C[C@@H]3CC[C@H]([C@H]2c2cc(-c4ccccc4)no2)N3C)ccc1Cl,CHEMBL1812748,IC50,nM,3000.0,IC50,uM,3.0,CHRNA1
Cc1cc([C@H]2[C@@H](c3ccc(Cl)c(C)c3)C[C@@H]3CC[C@H]2N3C)on1,CHEMBL1812747,IC50,nM,13000.0,IC50,uM,13.0,CHRNA1
COC(=O)[C@H]1[C@@H](c2ccc(Cl)c(C)c2)C[C@@H]2CC[C@H]1N2,CHEMBL1812746,IC50,nM,11000.0,IC50,uM,11.0,CHRNA1
COC(=O)[C@H]1[C@@H](c2ccc(Cl)c(C)c2)C[C@@H]2CC[C@H]1N2C,CHEMBL1812745,IC50,nM,26000.0,IC50,uM,26.0,CHRNA1
Cc1cc2nc([C@H]3[C@@H](c4ccc(Cl)cc4)C[C@@H]4CC[C@H]3N4C)[nH]c2cc1C,CHEMBL1812744,IC50,nM,4700.0,IC50,uM,4.7,CHRNA1
COc1ccc(-c2cc([C@H]3[C@@H](c4ccc(Cl)cc4)C[C@@H]4CC[C@H]3N4C)on2)cc1,CHEMBL1812743,IC50,nM,19000.0,IC50,uM,19.0,CHRNA1
Cc1ccc([C@H]2C[C@@H]3CC[C@H]([C@H]2c2cc(-c4ccc(Cl)cc4)no2)N3C)cc1,CHEMBL1812742,IC50,nM,95000.0,IC50,uM,95.0,CHRNA1
CCc1cc([C@H]2[C@@H](c3ccc(C)cc3)C[C@@H]3CC[C@H]2N3C)on1,CHEMBL1812741,IC50,nM,9900.0,IC50,uM,9.9,CHRNA1
Cc1ccc([C@H]2C[C@@H]3CC[C@H]([C@H]2C(=O)OC2CCC2)N3C)cc1,CHEMBL1812740,IC50,nM,9500.0,IC50,uM,9.5,CHRNA1
Cc1ccc([C@H]2C[C@@H]3CC[C@H]([C@H]2C(=O)OC(C)C)N3C)cc1,CHEMBL1812739,IC50,nM,12000.0,IC50,uM,12.0,CHRNA1
CC(NC(C)(C)C)C(=O)c1cccc(Cl)c1,CHEMBL894,IC50,nM,7900.0,IC50,uM,7.9,CHRNA1
CCc1cc(C2=CCC[C@@H]3CC[C@H]2N3)on1,CHEMBL1823380,IC50,nM,4200.0,IC50,uM,4.2,CHRNA1
CC(C)c1cc(C2=CCC[C@@H]3CC[C@H]2N3)on1,CHEMBL1823381,IC50,nM,5500.0,IC50,uM,5.5,CHRNA1
C1=C(c2cc(-c3ccccc3)no2)[C@H]2CC[C@@H](CC1)N2,CHEMBL1823382,IC50,nM,7800.0,IC50,uM,7.8,CHRNA1
CCOC(=O)c1cc(C2=CCC[C@@H]3CC[C@H]2N3)on1,CHEMBL1823383,IC50,nM,10000.0,IC50,uM,10.0,CHRNA1
Cc1cc([C@@]2(O)CCC[C@@H]3CC[C@H]2N3)on1,CHEMBL1823384,IC50,nM,10000.0,IC50,uM,10.0,CHRNA1
Cc1cc([C@]2(O)CCC[C@@H]3CC[C@H]2N3)on1,CHEMBL1823385,IC50,nM,10000.0,IC50,uM,10.0,CHRNA1
Cc1noc2c1[C@H]1CC[C@@H](CC2)N1,CHEMBL1823386,IC50,nM,10000.0,IC50,uM,10.0,CHRNA1
CCOC(=O)c1noc2c1[C@H]1CC[C@@H](CC2)N1,CHEMBL1823387,IC50,nM,10000.0,IC50,uM,10.0,CHRNA1
COc1ccc(/C=C2\CCCN=C2c2cccnc2)c(OC)c1,CHEMBL134713,Ki,nM,3900.0,Ki,nM,3900.0,CHRNA1
COc1ccc(/C=C2\CCCN=C2c2cccnc2)c(OC)c1,CHEMBL134713,Ki,nM,3900.0,Ki,nM,3900.0,CHRNA1
COc1cc(NC(=O)c2ccccc2F)ccc1-c1nnc(NCCCN2CCCCC2)o1,CHEMBL2022495,IC50,nM,3981.07,pIC50,,5.4,CHRNA1
O=C(Nc1ccc(-c2nnc(NCCCCN3CCOCC3)o2)c(F)c1)c1ccccc1F,CHEMBL2022739,IC50,nM,6309.57,pIC50,,5.2,CHRNA1
c1cncc(N2CCC3(CCCN3)C2)c1,CHEMBL504652,Ki,nM,5700.0,Ki,nM,5700.0,CHRNA1
c1cncc(N2CCC3(CC4CCN3C4)C2)c1,CHEMBL2057712,Ki,nM,9900.0,Ki,nM,9900.0,CHRNA1
c1cncc(N2CCC3(CC4CCN3CC4)C2)c1,CHEMBL2057713,Ki,nM,11000.0,Ki,nM,11000.0,CHRNA1
c1cncc(N2CCC3(C2)C2CCN3CC2)c1,CHEMBL2057714,Ki,nM,580.0,Ki,nM,580.0,CHRNA1
COc1ccc(-c2cc(NC(=O)CCCCN3CCCCC3)[nH]n2)cc1,CHEMBL2087443,IC50,nM,30000.0,IC50,uM,30.0,CHRNA1
COc1ccccc1-c1cc(NC(=O)CCCCN2CCCCC2)[nH]n1,CHEMBL2087445,IC50,nM,30000.0,IC50,uM,30.0,CHRNA1
O=C(CCCCN1CCCCC1)Nc1cc(-c2ccc(F)cc2)n[nH]1,CHEMBL2087447,IC50,nM,30000.0,IC50,uM,30.0,CHRNA1
O=C(CCCCN1CCCCC1)Nc1cc(-c2ccc(Br)cc2)n[nH]1,CHEMBL2087448,IC50,nM,30000.0,IC50,uM,30.0,CHRNA1
COc1ccc(-c2cc(NC(=O)CCCCN3CCOCC3)[nH]n2)cc1,CHEMBL2087453,IC50,nM,30000.0,IC50,uM,30.0,CHRNA1
COc1ccc(-c2cc(NC(=O)CCCCN3CCCCCC3)[nH]n2)cc1,CHEMBL2087456,IC50,nM,30000.0,IC50,uM,30.0,CHRNA1
COc1ccc(-c2cc(NC(=O)CCCCN3CCCOCC3)[nH]n2)cc1,CHEMBL2087457,IC50,nM,30000.0,IC50,uM,30.0,CHRNA1
COc1ccc(-c2cc(NC(=O)CCCCN3CCCN(C(C)=O)CC3)[nH]n2)cc1,CHEMBL2086582,IC50,nM,30000.0,IC50,uM,30.0,CHRNA1
COc1ccc(-c2cc(NC(=O)C(C)CCCN3CCCN(C(C)=O)CC3)[nH]n2)cc1,CHEMBL2086584,IC50,nM,30000.0,IC50,uM,30.0,CHRNA1
COc1ccc(-c2cc(NC(=O)CCCN3CCCCCC3)[nH]n2)cc1,CHEMBL2180836,IC50,nM,31622.78,pIC50,,4.5,CHRNA1
COc1ccc(-c2cc(NC(=O)CCCN3CCCCC3)[nH]n2)cc1,CHEMBL2180835,IC50,nM,31622.78,pIC50,,4.5,CHRNA1
c1cnc2cc3c(cc2n1)[C@@H]1CNC[C@H]3C1,CHEMBL1076903,IC50,nM,1000.0,IC50,nM,1000.0,CHRNA1
CN1CCC[C@H]1c1cccnc1,CHEMBL3,IC50,nM,1000.0,IC50,nM,1000.0,CHRNA1
OCCc1cc(-c2cncc(OC[C@H]3NC[C@@H]4C[C@@H]43)c2)on1,CHEMBL2178874,IC50,nM,1000.0,IC50,nM,1000.0,CHRNA1
CCc1cc(-c2cncc(OC[C@H]3NC[C@@H]4C[C@@H]43)c2)on1,CHEMBL2178873,IC50,nM,1000.0,IC50,nM,1000.0,CHRNA1
FC(F)(F)CCc1cc(-c2cncc(OC[C@@H]3CCN3)c2)on1,CHEMBL2178872,IC50,nM,1000.0,IC50,nM,1000.0,CHRNA1
CCc1cc(-c2cncc(OC[C@@H]3CCN3)c2)on1,CHEMBL2178871,IC50,nM,1000.0,IC50,nM,1000.0,CHRNA1
O=C(Nc1ccccc1)OCCc1cc(-c2cncc(OC[C@@H]3CCCN3)c2)on1,CHEMBL2178870,IC50,nM,1000.0,IC50,nM,1000.0,CHRNA1
O=C(Nc1ccccc1)OCCc1cc(-c2cncc(OC[C@@H]3CCN3)c2)on1,CHEMBL2178869,IC50,nM,1000.0,IC50,nM,1000.0,CHRNA1
CCNC(=O)OCCc1cc(-c2cncc(OC[C@@H]3CCCN3)c2)on1,CHEMBL2178337,IC50,nM,1000.0,IC50,nM,1000.0,CHRNA1
CCNC(=O)OCCc1cc(-c2cncc(OC[C@@H]3CCN3)c2)on1,CHEMBL2178336,IC50,nM,1000.0,IC50,nM,1000.0,CHRNA1
c1ncc(-c2cc(CCN3CCOCC3)no2)cc1OC[C@@H]1CCCN1,CHEMBL2178335,IC50,nM,1000.0,IC50,nM,1000.0,CHRNA1
c1ncc(-c2cc(CCN3CCOCC3)no2)cc1OC[C@@H]1CCN1,CHEMBL2178334,IC50,nM,1000.0,IC50,nM,1000.0,CHRNA1
FCCCc1cc(-c2cncc(OC[C@@H]3CCN3)c2)on1,CHEMBL2178333,IC50,nM,1000.0,IC50,nM,1000.0,CHRNA1
FC(F)CCc1cc(-c2cncc(OC[C@@H]3CCN3)c2)on1,CHEMBL2178332,IC50,nM,1000.0,IC50,nM,1000.0,CHRNA1
COCCc1cc(-c2cncc(OC[C@@H]3CCN3)c2)on1,CHEMBL2178331,IC50,nM,1000.0,IC50,nM,1000.0,CHRNA1
CN1CCC[C@H]1COc1cncc(-c2cc(CCO)no2)c1,CHEMBL2178330,IC50,nM,1000.0,IC50,nM,1000.0,CHRNA1
OCCCc1cc(-c2cncc(OC[C@@H]3CCCN3)c2)on1,CHEMBL2178329,IC50,nM,1000.0,IC50,nM,1000.0,CHRNA1
OCCc1cc(-c2cncc(OC[C@@H]3CCCN3)c2)on1,CHEMBL2178328,IC50,nM,1000.0,IC50,nM,1000.0,CHRNA1
OCCc1cc(-c2cncc(OC[C@@H]3CCN3)c2)on1,CHEMBL1852406,IC50,nM,1000.0,IC50,nM,1000.0,CHRNA1
c1cnc2cc3c(cc2n1)[C@@H]1CNC[C@H]3C1,CHEMBL1076903,EC50,nM,1000.0,EC50,nM,1000.0,CHRNA1
CN1CCC[C@H]1c1cccnc1,CHEMBL3,EC50,nM,1000.0,EC50,nM,1000.0,CHRNA1
OCCc1cc(-c2cncc(OC[C@H]3NC[C@@H]4C[C@@H]43)c2)on1,CHEMBL2178874,EC50,nM,1000.0,EC50,nM,1000.0,CHRNA1
CCc1cc(-c2cncc(OC[C@H]3NC[C@@H]4C[C@@H]43)c2)on1,CHEMBL2178873,EC50,nM,1000.0,EC50,nM,1000.0,CHRNA1
FC(F)(F)CCc1cc(-c2cncc(OC[C@@H]3CCN3)c2)on1,CHEMBL2178872,EC50,nM,1000.0,EC50,nM,1000.0,CHRNA1
CCc1cc(-c2cncc(OC[C@@H]3CCN3)c2)on1,CHEMBL2178871,EC50,nM,1000.0,EC50,nM,1000.0,CHRNA1
O=C(Nc1ccccc1)OCCc1cc(-c2cncc(OC[C@@H]3CCCN3)c2)on1,CHEMBL2178870,EC50,nM,1000.0,EC50,nM,1000.0,CHRNA1
O=C(Nc1ccccc1)OCCc1cc(-c2cncc(OC[C@@H]3CCN3)c2)on1,CHEMBL2178869,EC50,nM,1000.0,EC50,nM,1000.0,CHRNA1
CCNC(=O)OCCc1cc(-c2cncc(OC[C@@H]3CCCN3)c2)on1,CHEMBL2178337,EC50,nM,1000.0,EC50,nM,1000.0,CHRNA1
CCNC(=O)OCCc1cc(-c2cncc(OC[C@@H]3CCN3)c2)on1,CHEMBL2178336,EC50,nM,1000.0,EC50,nM,1000.0,CHRNA1
c1ncc(-c2cc(CCN3CCOCC3)no2)cc1OC[C@@H]1CCCN1,CHEMBL2178335,EC50,nM,1000.0,EC50,nM,1000.0,CHRNA1
c1ncc(-c2cc(CCN3CCOCC3)no2)cc1OC[C@@H]1CCN1,CHEMBL2178334,EC50,nM,1000.0,EC50,nM,1000.0,CHRNA1
FCCCc1cc(-c2cncc(OC[C@@H]3CCN3)c2)on1,CHEMBL2178333,EC50,nM,1000.0,EC50,nM,1000.0,CHRNA1
FC(F)CCc1cc(-c2cncc(OC[C@@H]3CCN3)c2)on1,CHEMBL2178332,EC50,nM,1000.0,EC50,nM,1000.0,CHRNA1
COCCc1cc(-c2cncc(OC[C@@H]3CCN3)c2)on1,CHEMBL2178331,EC50,nM,1000.0,EC50,nM,1000.0,CHRNA1
CN1CCC[C@H]1COc1cncc(-c2cc(CCO)no2)c1,CHEMBL2178330,EC50,nM,1000.0,EC50,nM,1000.0,CHRNA1
OCCCc1cc(-c2cncc(OC[C@@H]3CCCN3)c2)on1,CHEMBL2178329,EC50,nM,1000.0,EC50,nM,1000.0,CHRNA1
OCCc1cc(-c2cncc(OC[C@@H]3CCCN3)c2)on1,CHEMBL2178328,EC50,nM,1000.0,EC50,nM,1000.0,CHRNA1
OCCc1cc(-c2cncc(OC[C@@H]3CCN3)c2)on1,CHEMBL1852406,EC50,nM,1000.0,EC50,nM,1000.0,CHRNA1
c1cncc(OC[C@@H]2CCN2)c1,CHEMBL59986,Ki,nM,314.0,Ki,nM,314.0,CHRNA1
CN1CCC[C@H]1c1cccnc1,CHEMBL3,IC50,nM,21000.0,IC50,uM,21.0,CHRNA1
Clc1ccc(C2CC3CCC2N3)cn1,CHEMBL6623,IC50,nM,160.0,IC50,uM,0.16,CHRNA1
N=c1sccn1Cc1ccc(Cl)nc1,CHEMBL72675,IC50,nM,8000.0,IC50,uM,8.0,CHRNA1
N=C1SCCN1Cc1ccc(Cl)nc1,CHEMBL71046,IC50,nM,6000.0,IC50,uM,6.0,CHRNA1
N=C1NCCN1Cc1ccc(Cl)nc1,CHEMBL309804,IC50,nM,11000.0,IC50,uM,11.0,CHRNA1
O=[N+]([O-])/C=C1/NCCCN1Cc1ccc(Cl)nc1,CHEMBL2270633,IC50,nM,81000.0,IC50,uM,81.0,CHRNA1
N#C/N=C1\SCCN1Cc1ccc(Cl)nc1,CHEMBL451432,IC50,nM,120000.0,IC50,uM,120.0,CHRNA1
O=[N+]([O-])/N=C1\NCCN1Cc1ccc(Cl)nc1,CHEMBL406819,IC50,nM,300000.0,IC50,uM,300.0,CHRNA1
CN(C)CCCn1c(=O)c(C#N)c(-c2ccccc2)c2ccccc21,CHEMBL2332488,EC50,nM,100000.0,EC50,uM,100.0,CHRNA1
CCC(C)C(=O)N[C@H]1CCN2CCC[C@H]12,CHEMBL2332146,Ki,nM,10000.0,Ki,uM,10.0,CHRNA1
C=CCN(CC=C)CCc1c[nH]c2ccc(OC)cc12,CHEMBL2391541,Ki,nM,10000.0,pKi,,5.0,CHRNA1
CC(N)Cc1c[nH]c2ccccc12,CHEMBL30713,Ki,nM,10000.0,pKi,,5.0,CHRNA1
C=CCN(CC=C)CCc1c[nH]c2ccc(OC)cc12,CHEMBL2391541,Ki,nM,10000.0,pKi,,5.0,CHRNA1
CC(N)Cc1c[nH]c2ccccc12,CHEMBL30713,Ki,nM,10000.0,pKi,,5.0,CHRNA1
Cl.NC1=Nc2ccc(Cl)cc2CN1,CHEMBL2436555,Ki,nM,10000.0,Ki,nM,10000.0,CHRNA1
Cl.NC1=Nc2ccc(Cl)cc2CN1,CHEMBL2436555,Ki,nM,10000.0,Ki,nM,10000.0,CHRNA1
O=S1(=O)c2cc(N3CCN4CCC3CC4)ccc2-c2cccc(F)c21,CHEMBL3235480,Ki,nM,10000.0,Ki,nM,10000.0,CHRNA1
O=S1(=O)c2ccc(F)cc2-c2ccc(N3CCN4CCC3CC4)cc21,CHEMBL3235482,Ki,nM,1000.0,Ki,nM,1000.0,CHRNA1
O=S1(=O)c2ccccc2-c2ccc(N3CCN4CCC3CC4)c(F)c21,CHEMBL3235483,Ki,nM,292.0,Ki,nM,292.0,CHRNA1
O=S1(=O)c2ccccc2-c2c(N3CCN4CCC3CC4)ccc(F)c21,CHEMBL3235484,Ki,nM,10000.0,Ki,nM,10000.0,CHRNA1
O=S1(=O)c2ccc(I)cc2-c2ccc(N3CCN4CCC3CC4)cc21,CHEMBL3235488,Ki,nM,784.0,Ki,nM,784.0,CHRNA1
O=S1(=O)c2cc(N3CCN4CCC3CC4)ccc2-c2cccc(F)c21,CHEMBL3235480,Ki,nM,4000.0,Ki,nM,4000.0,CHRNA1
O=S1(=O)c2ccc(F)cc2-c2ccc(N3CCN4CCC3CC4)cc21,CHEMBL3235482,Ki,nM,8000.0,Ki,nM,8000.0,CHRNA1
O=S1(=O)c2ccccc2-c2ccc(N3CCN4CCC3CC4)c(F)c21,CHEMBL3235483,Ki,nM,838.0,Ki,nM,838.0,CHRNA1
O=S1(=O)c2ccccc2-c2c(N3CCN4CCC3CC4)ccc(F)c21,CHEMBL3235484,Ki,nM,562.0,Ki,nM,562.0,CHRNA1
O=S1(=O)c2ccc(I)cc2-c2ccc(N3CCN4CCC3CC4)cc21,CHEMBL3235488,Ki,nM,6000.0,Ki,nM,6000.0,CHRNA1
c1cncc(OC[C@@H]2CCN2)c1,CHEMBL59986,Ki,nM,314.0,Ki,nM,314.0,CHRNA1
CN[C@]1(C)[C@@H]2CC[C@@H](C2)C1(C)C,CHEMBL1398031,IC50,nM,300.0,IC50,uM,0.3,CHRNA1
CN[C@@]1(C)[C@@H]2CC[C@@H](C2)C1(C)C,CHEMBL2103881,IC50,nM,600.0,IC50,uM,0.6,CHRNA1
Clc1cncc(N2CCCNCC2)c1,CHEMBL3341967,Ki,nM,944.0,Ki,nM,944.0,CHRNA1
O=C(N[C@H]1CN2CCC1CC2)c1ccc(Cl)cc1,CHEMBL177611,Ki,nM,60000.0,Ki,uM,60.0,CHRNA1
COCC[C@H]1C[C@@H]1c1cncc(N2CCCNCC2)c1,CHEMBL3948977,EC50,nM,10000.0,EC50,nM,10000.0,CHRNA1
COCC[C@H]1C[C@@H]1c1cncc(N2CCCN(C)CC2)c1,CHEMBL3889475,EC50,nM,10000.0,EC50,nM,10000.0,CHRNA1
COCC[C@H]1C[C@@H]1c1cncc(N2C[C@@H]3C[C@H]2CN3)c1,CHEMBL3926480,EC50,nM,10000.0,EC50,nM,10000.0,CHRNA1
COCC[C@@H]1C[C@H]1c1cncc(N2CCCNCC2)c1,CHEMBL3898434,EC50,nM,10000.0,EC50,nM,10000.0,CHRNA1
COCC[C@@H]1C[C@H]1c1cncc(N2C[C@@H]3C[C@H]2CN3)c1,CHEMBL3899499,EC50,nM,10000.0,EC50,nM,10000.0,CHRNA1
OCCc1cc(-c2cncc(N3CCCNCC3)c2)on1,CHEMBL3970672,EC50,nM,10000.0,EC50,nM,10000.0,CHRNA1
CN1CCCN(c2cncc(-c3cc(CCO)no3)c2)CC1,CHEMBL3908556,EC50,nM,10000.0,EC50,nM,10000.0,CHRNA1
COCC[C@H]1C[C@@H]1c1cncc(N2CCCNCC2)c1,CHEMBL3948977,IC50,nM,10000.0,IC50,nM,10000.0,CHRNA1
COCC[C@H]1C[C@@H]1c1cncc(N2CCCN(C)CC2)c1,CHEMBL3889475,IC50,nM,10000.0,IC50,nM,10000.0,CHRNA1
COCC[C@H]1C[C@@H]1c1cncc(N2C[C@@H]3C[C@H]2CN3)c1,CHEMBL3926480,IC50,nM,10000.0,IC50,nM,10000.0,CHRNA1
COCC[C@@H]1C[C@H]1c1cncc(N2CCCNCC2)c1,CHEMBL3898434,IC50,nM,10000.0,IC50,nM,10000.0,CHRNA1
COCC[C@@H]1C[C@H]1c1cncc(N2C[C@@H]3C[C@H]2CN3)c1,CHEMBL3899499,IC50,nM,10000.0,IC50,nM,10000.0,CHRNA1
OCCc1cc(-c2cncc(N3CCCNCC3)c2)on1,CHEMBL3970672,IC50,nM,10000.0,IC50,nM,10000.0,CHRNA1
CN1CCCN(c2cncc(-c3cc(CCO)no3)c2)CC1,CHEMBL3908556,IC50,nM,10000.0,IC50,nM,10000.0,CHRNA1
c1ccc2cc(NC3=NC[C@@]4(CN5CCC4CC5)O3)ncc2c1,CHEMBL3918431,EC50,nM,100000.0,EC50,uM,100.0,CHRNA1
c1cnc2cnc(NC3=NC[C@@]4(CN5CCC4CC5)O3)cc2c1,CHEMBL4098850,EC50,nM,100000.0,EC50,uM,100.0,CHRNA1
c1ccc2nc(NC3=NC[C@@]4(CN5CCC4CC5)O3)ncc2c1,CHEMBL4071859,EC50,nM,100000.0,EC50,uM,100.0,CHRNA1
c1ccc(NC2=NC[C@@]3(CN4CCC3CC4)O2)nc1,CHEMBL3898922,EC50,nM,100000.0,EC50,uM,100.0,CHRNA1
c1cnc(NC2=NC[C@@]3(CN4CCC3CC4)O2)nc1,CHEMBL4100355,EC50,nM,100000.0,EC50,uM,100.0,CHRNA1
c1cc(NC2=NCC3(CN4CCC3CC4)O2)ncn1,CHEMBL4064914,EC50,nM,100000.0,EC50,uM,100.0,CHRNA1
c1ncc(NC2=NC[C@@]3(CN4CCC3CC4)O2)cn1,CHEMBL4092614,EC50,nM,100000.0,EC50,uM,100.0,CHRNA1
c1cnc(NC2=NC[C@@]3(CN4CCC3CC4)O2)cn1,CHEMBL4102804,EC50,nM,100000.0,EC50,uM,100.0,CHRNA1
Cc1ccnc(NC2=NC[C@@]3(CN4CCC3CC4)O2)n1,CHEMBL4084852,EC50,nM,100000.0,EC50,uM,100.0,CHRNA1
CC(C)c1ccnc(NC2=NC[C@@]3(CN4CCC3CC4)O2)n1,CHEMBL4095046,EC50,nM,100000.0,EC50,uM,100.0,CHRNA1
COc1ccnc(NC2=NC[C@@]3(CN4CCC3CC4)O2)n1,CHEMBL4074583,EC50,nM,100000.0,EC50,uM,100.0,CHRNA1
Cc1cnc(NC2=NC[C@@]3(CN4CCC3CC4)O2)nc1,CHEMBL4061082,EC50,nM,100000.0,EC50,uM,100.0,CHRNA1
COc1cnc(NC2=NC[C@@]3(CN4CCC3CC4)O2)nc1,CHEMBL4089244,EC50,nM,100000.0,EC50,uM,100.0,CHRNA1
c1ccc(-c2ccnc(NC3=NC[C@@]4(CN5CCC4CC5)O3)n2)cc1,CHEMBL4098776,EC50,nM,100000.0,EC50,uM,100.0,CHRNA1
Cc1cccc(-c2cnc(NC3=NC[C@@]4(CN5CCC4CC5)O3)nc2)c1,CHEMBL4071766,EC50,nM,100000.0,EC50,uM,100.0,CHRNA1
Cc1nccnc1NC1=NC[C@@]2(CN3CCC2CC3)O1,CHEMBL4091037,EC50,nM,100000.0,EC50,uM,100.0,CHRNA1
Cc1cnc(NC2=NC[C@@]3(CN4CCC3CC4)O2)cn1,CHEMBL4063152,EC50,nM,100000.0,EC50,uM,100.0,CHRNA1
Cc1cncc(NC2=NC[C@@]3(CN4CCC3CC4)O2)n1,CHEMBL4083246,EC50,nM,100000.0,EC50,uM,100.0,CHRNA1
COc1cnc(NC2=NC[C@@]3(CN4CCC3CC4)O2)cn1,CHEMBL4101249,EC50,nM,100000.0,EC50,uM,100.0,CHRNA1
Clc1cnc(NC2=NC[C@@]3(CN4CCC3CC4)O2)cn1,CHEMBL4077222,EC50,nM,100000.0,EC50,uM,100.0,CHRNA1
c1ccc(-c2cnc(NC3=NC[C@@]4(CN5CCC4CC5)O3)cn2)cc1,CHEMBL4093500,EC50,nM,100000.0,EC50,uM,100.0,CHRNA1
Cc1cc(NC2=NC[C@@]3(CN4CCC3CC4)O2)ncn1,CHEMBL4075880,EC50,nM,100000.0,EC50,uM,100.0,CHRNA1
CC(C)c1cc(NC2=NC[C@@]3(CN4CCC3CC4)O2)ncn1,CHEMBL4066807,EC50,nM,100000.0,EC50,uM,100.0,CHRNA1
Clc1cc(NC2=NC[C@@]3(CN4CCC3CC4)O2)ncn1,CHEMBL4097654,EC50,nM,100000.0,EC50,uM,100.0,CHRNA1
COc1cc(NC2=NC[C@@]3(CN4CCC3CC4)O2)ncn1,CHEMBL4079623,EC50,nM,100000.0,EC50,uM,100.0,CHRNA1
c1ccc(-c2cc(NC3=NC[C@@]4(CN5CCC4CC5)O3)ncn2)cc1,CHEMBL4102566,EC50,nM,100000.0,EC50,uM,100.0,CHRNA1
c1cnc(NC2=NCC3(CN4CCC3CC4)O2)cn1,CHEMBL4087500,EC50,nM,100000.0,EC50,uM,100.0,CHRNA1
Cn1cnc(C(=O)N2CCN(C(=O)c3ccc(Nc4nc5ccccc5n5nnnc45)cc3)CC2)c1,CHEMBL4060134,EC50,nM,19952.62,pEC50,,4.7,CHRNA1
NCCCCN(C[C@H]1Cc2ccccc2CN1)[C@H]1CCCc2cccnc21,CHEMBL3091687,IC50,nM,30000.0,IC50,uM,30.0,CHRNA1
c1ccc2c(c1)CN[C@@H](CN(CCCN1CCNCC1)[C@H]1CCCc3cccnc31)C2,CHEMBL4167058,IC50,nM,30000.0,IC50,uM,30.0,CHRNA1
c1ccc2c(c1)CN[C@@H](CN(CC[C@H]1CCCNC1)[C@H]1CCCc3cccnc31)C2,CHEMBL4174290,IC50,nM,11300.0,IC50,uM,11.3,CHRNA1
O=C(N[C@@H]1CCCNC1)c1cc2cccc(Br)c2s1,CHEMBL4228846,EC50,nM,286.0,EC50,uM,0.286,CHRNA1
O=C(N[C@@H]1CCCNC1)c1cc2cccc(Br)c2s1,CHEMBL4228846,EC50,nM,660.0,EC50,uM,0.66,CHRNA1
C[C@@H](NC(=O)c1ccc(Cl)cc1)[C@H]1CC[C@@H](c2ccnc3ccc(F)cc32)CC1,CHEMBL4786690,IC50,nM,12300.0,IC50,uM,12.3,CHRNA1
CC[C@H](C)[C@@H]1NC(=O)[C@H](CCC(=O)O)NC(=O)[C@@H]2CCCN2C(=O)[C@H](Cc2cnc[nH]2)NC(=O)[C@H](CC(N)=O)NC(=O)[C@H](C(C)C)NC(=O)[C@H](CC(N)=O)NC(=O)[C@@H]2CSSC[C@H](NC(=O)CN)C(=O)N[C@@H](CSSC[C@@H](C(N)=O)NC1=O)C(=O)N[C@@H](CO)C(=O)N[C@@H](Cc1cnc[nH]1)C(=O)N1CCC[C@H]1C(=O)N[C@@H](C(C)C)C(=O)N2,CHEMBL4869892,IC50,nM,10000.0,IC50,nM,10000.0,CHRNA1
CC(C)C[C@@H]1NC(=O)[C@H](C)NC(=O)[C@H](CCCNC(=N)N)NC(=O)[C@H](Cc2cnc[nH]2)NC(=O)[C@H](CCCNC(=N)N)NC(=O)[C@H](C)NC(=O)[C@H](CCCNC(=N)N)NC(=O)[C@@H]2CSSC[C@H](NC(=O)CN)C(=O)N[C@@H](CSSC[C@@H](C(N)=O)NC1=O)C(=O)N[C@@H](CO)C(=O)N[C@@H](Cc1cnc[nH]1)C(=O)N1CCC[C@H]1C(=O)N[C@@H](C(C)C)C(=O)N2,CHEMBL4872191,IC50,nM,131.0,IC50,nM,131.0,CHRNA1
COC(=O)Nc1cc(-c2cnc(OC[C@@](C)(N)CC(C)C)c(C)c2)ccn1,CHEMBL5184381,IC50,nM,2200.0,IC50,uM,2.2,CHRNA1
CC(=O)Nc1c(F)cc(C(=O)N[C@H]2CC[C@H](O)CC2)cc1O[C@@H](C)c1ccccc1,CHEMBL4636881,EC50,nM,50118.72,pEC50,,4.3,CHRNA1
CC(=O)Nc1c(F)cc(C(=O)N[C@H]2CC[C@H](O)CC2)cc1O[C@@H](C)c1ccccc1,CHEMBL4636881,IC50,nM,25118.86,pIC50,,4.6,CHRNA1
CNC(=O)c1cc(C(=O)NC2CC2)cn(Cc2ccccc2)c1=O,CHEMBL4635134,EC50,nM,50118.72,pEC50,,4.3,CHRNA1
CNC(=O)c1cc(C(=O)NC2CC2)cn(Cc2ccccc2)c1=O,CHEMBL4635134,IC50,nM,50118.72,pIC50,,4.3,CHRNA1
COCc1nc2cnc3cc(-c4c(C)noc4C)c(OC[C@H]4CCNC4)cc3c2n1[C@H](C)c1ccccc1,CHEMBL4639128,EC50,nM,50118.72,pEC50,,4.3,CHRNA1
COCc1nc2cnc3cc(-c4c(C)noc4C)c(OC[C@H]4CCNC4)cc3c2n1[C@H](C)c1ccccc1,CHEMBL4639128,IC50,nM,1000.0,pIC50,,6.0,CHRNA1
CCC(=O)N1CC[C@H](Nc2ncnc3c2CN(c2cnc(OC)c(C(F)(F)F)c2)CC3)C1,CHEMBL3643413,IC50,nM,30000.0,IC50,uM,30.0,CHRNA1
CCNC(=O)C[C@@H]1N=C(c2ccc(Cl)cc2)c2cc(OC)ccc2-n2c(C)nnc21,CHEMBL1232461,IC50,nM,15800.0,IC50,uM,15.8,CHRNA1
COc1cc2c(cc1-c1c(C)noc1C)ncc1[nH]c(=O)n([C@H](C)c3ccccn3)c12,CHEMBL2017291,IC50,nM,1260.0,IC50,uM,1.26,CHRNA1
N#Cc1ncc2nc1OCCCCOc1cc(NCc3cncs3)c(Cl)cc1NC(=O)N2,CHEMBL248757,Ki,nM,1650.0,Ki,uM,1.65,MUSK
CCOc1ccn(-c2ccc(F)cc2)c(=O)c1C(=O)Nc1ccc(Oc2ccnc(N)c2Cl)c(F)c1,CHEMBL460702,IC50,nM,500.0,IC50,nM,500.0,MUSK
Cc1cc(Nc2nc(N[C@@H](C)c3ccc(F)cn3)c(C#N)cc2F)n[nH]1,CHEMBL1774056,IC50,nM,224.0,IC50,uM,0.224,MUSK
CC(C)Oc1cc(-n2cnc3ccc(N[C@@H](C)c4ccc(F)cn4)nc32)n[nH]1,CHEMBL2151321,IC50,nM,100.0,IC50,nM,100.0,MUSK
Cc1c(C(=O)N2CCOc3ccc(-c4ccc(N)nc4)cc3C2)ccc(S(C)(=O)=O)c1F,CHEMBL2333365,IC50,nM,10000.0,IC50,nM,10000.0,MUSK
O=C(N[C@@H](c1ccccn1)C1CC1)c1ccc2[nH]nc(-c3ccc(N4[C@H]5CC[C@H]4CC(O)C5)cc3)c2c1,CHEMBL3422092,IC50,nM,690.0,IC50,nM,690.0,MUSK
Cn1c(=O)c(S(=O)(=O)c2ccc(F)cc2F)cc2cnc(Nc3ccc4[nH]ccc4c3)nc21,CHEMBL3745885,IC50,nM,10000.0,IC50,uM,10.0,MUSK
CN1C(=O)COc2c1cnc1ccc(Sc3nnc4c(F)cc(-c5cnn(C)c5)cn34)cc21,CHEMBL3818247,IC50,nM,30000.0,IC50,nM,30000.0,MUSK
CN[C@@H]1C[C@H]2O[C@@](C)([C@@H]1OC)n1c3ccccc3c3c4c(c5c6ccccc6n2c5c31)C(=O)NC4,CHEMBL388978,IC50,nM,3.8,IC50,nM,3.8,MUSK
CN[C@@H]1C[C@H]2O[C@@](C)([C@@H]1OC)n1c3ccccc3c3c4c(c5c6ccccc6n2c5c31)C(=O)NC4,CHEMBL388978,IC50,nM,290.0,IC50,10'-7M,2.9,MUSK
COC[C@@H](C)Nc1cc(NC(=O)N2CCCc3cc(CN4CCCCOC4=O)c(C=O)nc32)ncc1C#N,CHEMBL4475216,IC50,nM,10000.0,IC50,nM,10000.0,MUSK
CN(C)c1ccc(C(=O)Nc2cccc(NC(=O)COc3ccc4c(=O)ccoc4c3)c2)cc1,CHEMBL4438748,IC50,nM,10000.0,IC50,uM,10.0,MUSK
C[C@@H]1C[C@H]1C(=O)N1CCN(c2cnc(C#N)c(-c3cnn(C)c3)n2)C[C@H]1C,CHEMBL4634634,IC50,nM,100000.0,IC50,uM,100.0,MUSK
CC(C)(CO)n1cc(C(=O)c2cncc(NC(=O)Cc3ccc(Cl)cn3)c2)c2cnc(N)nc21,CHEMBL4212531,IC50,nM,53.0,IC50,nM,53.0,MUSK
CN[C@@H]1C[C@H]2O[C@@](C)([C@@H]1OC)n1c3ccccc3c3c4c(c5c6ccccc6n2c5c31)C(=O)NC4,CHEMBL388978,IC50,nM,54.4,IC50,10^-8M,5.44,MUSK
CN1C(=O)[C@@H](N2CCc3cn(Cc4ccccc4)nc3C2=O)COc2ccccc21,CHEMBL4088216,IC50,nM,1000.0,pIC50,,6.0,MUSK
CN1C(=O)[C@@H](N2CCc3c(nn(Cc4ccccc4)c3Br)C2=O)COc2ccccc21,CHEMBL4549667,IC50,nM,1000.0,pIC50,,6.0,MUSK
CN1C(=O)[C@@H](N2CCc3cn(CC4CCS(=O)(=O)CC4)nc3C2=O)COc2ccccc21,CHEMBL4097778,IC50,nM,1000.0,pIC50,,6.0,MUSK
Nc1nc(-c2cccc(-n3ccc4cc(C5CC5)cc(F)c4c3=O)c2CO)c2cc(C3=CCN(C4COC4)CC3)[nH]c2n1,CHEMBL5077961,IC50,nM,306.0,IC50,nM,306.0,MUSK
Cc1c2cc(cc1C(=O)Nc1cc(CN3CCN(C)CC3)cc(C3CC3)c1)OCCCCCCCNC(=O)c1ccc3ncc(n3n1)C#C2,CHEMBL5423601,IC50,nM,12.83,IC50,nM,12.83,MUSK
COc1cc(Nc2nccc(-c3cc(C(=O)N[C@@H](C)CN4CCC4)n(C)n3)n2)cc(OC)c1,CHEMBL5559304,IC50,nM,257.0,IC50,nM,257.0,MUSK
COc1cc(N2CCC(N3CCN(C)CC3)CC2)ccc1Nc1ncnc(Nc2ccccc2S(=O)(=O)C(C)C)n1,CHEMBL3545360,IC50,nM,100.0,IC50,nmol/L,100.0,MUSK
C[C@@H](Oc1cc(-c2cnn(C3CCNCC3)c2)cnc1N)c1c(Cl)ccc(F)c1Cl,CHEMBL601719,IC50,nM,9.1,IC50,nmol/L,9.1,MUSK
Cc1cn(CCN2CCN(c3ccccc3-c3cc(C#N)cc(C(=O)NCCCN4CCCC4)c3)CC2)c2ccccc12,CHEMBL3414623,IC50,nM,20000.0,IC50,uM,20.0,MUSK
CNC(=O)c1cc(Oc2ccc(NC(=O)Nc3cc(C(C)(C)C)nn3-c3ccc4ncccc4c3)c(F)c2)ccn1,CHEMBL1738757,IC50,nM,1000.0,IC50,nM,1000.0,MUSK
N#CCNC(=O)c1ccc(-c2ccnc(Nc3ccc(N4CCOCC4)cc3)n2)cc1,CHEMBL1078178,IC50,nM,1000.0,IC50,uM,1.0,MUSK
CN[C@@H]1C[C@H]2O[C@@](C)([C@@H]1OC)n1c3ccccc3c3c4c(c5c6ccccc6n2c5c31)C(=O)NC4,CHEMBL388978,IC50,nM,158.0,IC50,10^-7M,1.58,MUSK
